{
  "name": "cropimg",
  "title": "cropimg",
  "description": "Another, lightweight cropping tool, for jQuery.",
  "version": "0.3.1",
  "homepage": "http://requtize.github.io/cropimg/",
  "demo": "http://requtize.github.io/cropimg/",
  "docs": "http://requtize.github.io/cropimg/documentation.html",
  "author": {
    "name": "Adam Banaszkiewicz",
    "email": "adam92banaszkiewicz@op.pl"
  },
  "bugs": "https://github.com/requtize/cropimg/issues",
  "dependencies": {
    "jquery": ">=1.9.1"
  },
  "keywords": ["area" ,"cropping" ,"cropper" ,"crop", "cropimg", "select", "tool", "jquery-plugin"],
  "licenses": [
    {
      "type": "MIT",
      "url": "http://www.opensource.org/licenses/mit-license.php"
    }
  ]
}
